 -- THÊM DỮ LIỆU --

-- Dữ liệu cho bảng NhanVien
    INSERT INTO NhanVien (MaNV, TenNV, GioiTinh, SDT, DiaChi, NgSinh, NgVL, LoaiNV) VALUES
    ('NV0001', 'Nguyễn Anh Dương', 'Nam', '0987654321', '123 Nguyễn Huệ, Quận 1, TP.HCM', '1987-05-15', '2012-05-15', 'Bảo vệ'),
    ('NV0002', 'Trần Minh Thanh', 'Nữ', '0123456789', '456 Hai Bà Trưng, Quận 2, TP.HCM', '1990-10-20', '2015-10-20', 'Lao công'),
    ('NV0003', 'Lê Thị Linh', 'Nam', '0398765432', '789 Lý Tự Trọng, Quận 3, TP.HCM', '1993-12-03', '2018-12-03', 'Bảo trì'),
    ('NV0004', 'Phạm Văn Minh', 'Nữ', '0567891234', '321 Lê Duẩn, Quận 4, TP.HCM', '1985-08-28', '2011-08-28', 'Quản lý'),
    ('NV0005', 'Hoàng Duy Khánh', 'Nam', '0123654789', '567 Hùng Vương, Quận 5, TP.HCM', '1990-03-10', '2016-03-10', 'Bảo vệ'),
    ('NV0006', 'Nguyễn Thị Hồng', 'Nữ', '0967854321', '890 Nguyễn Trãi, Quận 6, TP.HCM', '1989-07-25', '2014-07-25', 'Quản lý'),
    ('NV0007', 'Trần Ngọc Anh', 'Nam', '0396548732', '234 Nguyễn Thị Minh Khai, Quận 7, TP.HCM', '1995-11-18', '2019-11-18', 'Bảo trì'),
    ('NV0008', 'Đỗ Thị Lan', 'Nữ', '0765432198', '135 Bạch Đằng, Quận 1, TP.HCM', '1998-04-01', '2020-04-01', 'Lao công'),
    ('NV0009', 'Phan Thị Mai', 'Nữ', '0678912345', '246 Lê Lợi, Quận 2, TP.HCM', '1997-05-12', '2021-05-12', 'Lao công'),
    ('NV0010', 'Nguyễn Thị Tuyết', 'Nữ', '0581234679', '357 Trần Hưng Đạo, Quận 3, TP.HCM', '2000-06-23', '2023-06-23', 'Lao công'),
    ('NV0011', 'Trịnh Minh Tinh', 'Nữ', '0878909404', '517 Thích Quảng Đức, Phú Nhuận, Tp.HCM', '1989-05-19', '2023-05-19', 'Quản lý'),
    ('NV0012', 'Nguyễn Quang Trung', 'Nam', '0864509905', '2 Phan Huy Ích, Gò Vấp, TP.HCM', '1993-07-24', '2023-07-24', 'Bảo vệ'),
    ('NV0013', 'Nguyễn Diệp Anh', 'Nữ', '0924608193', '123 Nguyễn Cơ Thạch, Cầu Giấy, Hà Nội', '1999-06-10', '2023-07-24', 'Kế toán'),
    ('NV0014', 'Trần Nam Anh', 'Nam', '0962342550', '123 Nguyễn Thị Minh Khai, Quận 1, TP.HCM', '1989-09-11', '2010-07-05', 'BQT'),
    ('NV0015', 'Hoàng Ngọc Bách', 'Nam', '0834082001', '456 Lê Lai, Quận 10, TP.HCM', '1995-08-12', '2019-12-20', 'Lao công'),
    ('NV0016', 'Nguyễn Thị Kim Dung', 'Nữ', '0163533789', '789 Nguyễn Trãi, Hà Đông, Hà Nội', '1996-06-14', '2018-06-02', 'Bảo vệ'),
    ('NV0017', 'Phạm Hồng Đăng', 'Nam', '0984476509', '321 Láng Hạ, Đống Đa, Hà Nội', '1990-05-13', '2017-09-10', 'Kế toán'),
    ('NV0018', 'Vũ Việt Hà', 'Nữ', '0973266558', '567 Võ Văn Tần, Quận 3, TP.HCM', '1980-02-16', '2015-04-18', 'Quản lý'),
    ('NV0019', 'Trần Ngọc Hà', 'Nữ', '0924655434', '890 Lê Lợi, Quận 1, TP.HCM', '1990-04-16', '2014-11-30', 'Tư vấn'),
    ('NV0020', 'Đào Minh Hạnh', 'Nữ', '0941688538', '234 Hoàng Văn Thụ, Quận Tân Bình, TP.HCM', '1997-11-15', '2016-08-25', 'Bảo trì'),
    ('NV0021', 'Đỗ Quốc Hưng', 'Nam', '0162765429', '135 Huỳnh Thúc Kháng, Đống Đa, Hà Nội', '1995-06-17', '2018-03-12', 'Kế toán'),
    ('NV0022', 'Lê Phương Liên', 'Nữ', '0924655435', '246 Nguyễn Thị Minh Khai, Quận 3, TP.HCM', '2000-07-11', '2019-10-08', 'Bảo vệ'),
    ('NV0023', 'Nguyễn Anh Mai', 'Nữ', '0924655437', '357 Lê Hồng Phong, Quận 10, TP.HCM', '1988-08-04', '2020-05-15', 'Quản lý'),
    ('NV0024', 'Nguyễn Hoàng Nam', 'Nam', '0924655441', '517 Bà Triệu, Hai Bà Trưng, Hà Nội', '1992-07-06', '2020-02-28', 'Kế toán'),
    ('NV0025', 'Trần Lê Nguyên', 'Nam', '0924655440', '2 Lê Duẩn, Quận 1, TP.HCM', '1988-08-26', '2014-09-03', 'Tư vấn'),
    ('NV0026', 'Trịnh Hà Phương', 'Nữ', '0924655436', '890 Nguyễn Chí Thanh, Đống Đa, Hà Nội', '1988-08-22', '2017-11-20', 'Quản lý'),
    ('NV0027', 'Lê Minh Tâm', 'Nam', '0924655443', '234 Nam Kỳ Khởi Nghĩa, Quận 3, TP.HCM', '1989-12-08', '2019-02-14', 'Quản lý'),
    ('NV0028', 'Trần Diệu Thúy', 'Nữ', '0924681193', '135 Cầu Giấy, Cầu Giấy, Hà Nội', '1996-03-18', '2020-07-30', 'Bảo trì'),
    ('NV0029', 'Trịnh Minh Thư', 'Nữ', '0924655438', '246 Thái Hà, Đống Đa, Hà Nội', '1989-08-24', '2016-04-05', 'Lao công'),
    ('NV0030', 'Lê Minh Trí', 'Nam', '0924655433', '357 Nguyễn Thị Minh Khai, Quận 3, TP.HCM', '1978-08-19', '2018-10-19', 'Kế toán'),
    ('NV0031', 'Đinh Quốc Trung', 'Nam', '0924655439', '2 Nguyễn Văn Cừ, Long Biên, Hà Nội', '1993-06-29', '2019-08-07', 'Tư vấn'),
    ('NV0032', 'Vũ Quang Vinh', 'Nam', '0924655442', '517 Lê Duẩn, Quận 1, TP.HCM', '1988-08-28', '2015-12-10', 'Bảo vệ');

-- Thêm dữ liệu vào bảng Toa
INSERT INTO Toa (MaToa, TenToa, SoTang, MoTa) VALUES
    ('TOA001', 'Tòa A', 15, 'Tòa chung cư cao cấp với đầy đủ tiện nghi'),
    ('TOA002', 'Tòa B', 15, 'Tòa chung cư cao cấp với view đẹp'),
    ('TOA003', 'Tòa C', 15, 'Tòa chung cư cao cấp với khu vui chơi và phòng gym');
    
-- Dữ liệu cho bảng Tang
INSERT INTO Tang (MaTang, TenTang, SoCH, MaToa) VALUES
    ('A01', 'Tầng A01', 10, 'TOA001'),
    ('A02', 'Tầng A02', 10, 'TOA001'),
    ('A03', 'Tầng A03', 10, 'TOA001'),
    ('A04', 'Tầng A04', 10, 'TOA001'),
    ('A05', 'Tầng A05', 10, 'TOA001'),
    ('A06', 'Tầng A06', 10, 'TOA001'),
    ('B01', 'Tầng B01', 12, 'TOA002'),
    ('B02', 'Tầng B02', 12, 'TOA002'),
    ('B03', 'Tầng B03', 12, 'TOA002'),
    ('B04', 'Tầng B04', 12, 'TOA002'),
    ('B05', 'Tầng B05', 12, 'TOA002'),
    ('B06', 'Tầng B06', 12, 'TOA002'),
    ('C01', 'Tầng C01', 15, 'TOA003'),
    ('C02', 'Tầng C02', 15, 'TOA003'),
    ('C03', 'Tầng C03', 15, 'TOA003'),
    ('C04', 'Tầng C04', 15, 'TOA003'),
    ('C05', 'Tầng C05', 15, 'TOA003'),
    ('C06', 'Tầng C06', 15, 'TOA003');

-- Dữ liệu cho bảng CanHo
INSERT INTO CanHo (MaCH, LoaiCH, MoTa, DienTich, Gia, MaTang, TinhTrang) VALUES
    ('CH001', 'Basic 4', 'Căn hộ thông thường 4 phòng ngủ, có ban công hướng nam', 120.5, 5000000000, 'A01', 2),
    ('CH002', 'Basic 3', 'Căn hộ thông thường 3 phòng ngủ, có ban công hướng tây nam', 90.2, 3500000000, 'A01', 2),
    ('CH003', 'Basic 3', 'Căn hộ thông thường 3 phòng ngủ, có ban công hướng bắc', 95.0, 4000000000, 'A02', 2),
    ('CH004', 'Basic 4', 'Căn hộ thông thường 4 phòng ngủ, có ban công hướng đông', 150.0, 6000000000, 'B02', 2),
    ('CH005', 'Basic 3', 'Căn hộ thông thường 3 phòng ngủ, có ban công hướng nam', 110.0, 4800000000, 'B03', 2),
    ('CH006', 'Basic 2', 'Căn hộ thông thường 2 phòng ngủ, có ban công hướng bắc', 85.5, 3000000000, 'B03', 2),
    ('CH007', 'Basic 2', 'Căn hộ thông thường 2 phòng ngủ, có ban công hướng tây', 92.0, 3550000000, 'B04', 2),
    ('CH008', 'Basic 1', 'Căn hộ thông thường 1 phòng ngủ, có ban công hướng đông nam', 75.0, 2800000000, 'C04', 2),
    ('CH009', 'Studio', 'Căn hộ studio', 60.0, 1200000000, 'C05', 2),
    ('CH010', 'Shophouse', 'Căn hộ thương mại', 200.0, 10000000000, 'A01', 2),
    ('CH011', 'Officetel', 'Căn hộ văn phòng', 50.0, 1000000000, 'B02', 1),
    ('CH012', 'Penthouse', 'Căn hộ penthouse thông thường', 150.0, 12000000000, 'C06', 1),
    ('CH013', 'Penthouse', 'Căn hộ penthouse thông tầng', 200.0, 20000000000, 'C05', 1),
    ('CH014', 'Sky Villa', 'Căn hộ thương mại', 200.0, 100000000000, 'C06', 1),
    ('CH015', 'Basic 1', 'Căn hộ thông thường 1', 75.0, 1000000000, 'B05', 1);

-- Dữ liệu cho bảng DichVu
INSERT INTO DichVu (MaDV, TenDV, PhiDV) VALUES
    ('DV01', 'Dọn dẹp, thu gom rác', 100000),
    ('DV02', 'Bảo dưỡng nội thất', 200000),
    ('DV03', 'Sửa chữa hệ thống điện nước', 300000),
    ('DV04', 'Gửi xe', 200000),
    ('DV05', 'An ninh', 100000),
    ('DV06', 'Dịch vụ khác', 0),
    ('DV07', 'Quản lý', 600000);

-- Dữ liệu cho bảng CuDan
INSERT INTO CuDan (MaCD, TenCD, GioiTinh, SDT, NgSinh, QueQuan, MaCH, NgVaoO) VALUES
    ('CD0001', 'Nguyễn Thị Lan', 'Nữ', '0336278378', '1975-05-15', 'Hà Nội', 'CH001', '2023-01-20'),
    ('CD0002', 'Trần Văn Nam', 'Nam', '0122367899', '1972-07-20', 'Hồ Chí Minh', 'CH001', '2023-01-20'),
    ('CD0003', 'Trần Thị Thảo', 'Nữ', '0988888821', '1992-11-03', 'Hồ Chí Minh', 'CH001', '2023-01-20'),
    ('CD0004', 'Trần Văn Hùng', 'Nam', NULL, '2010-08-28', 'Hồ Chí Minh', 'CH001', '2023-01-20'),
    ('CD0005', 'Hoàng Thị Ngọc', 'Nữ', '0231980676', '1985-03-10', 'Huế', 'CH002', '2023-02-21'),
    ('CD0006', 'Nguyễn Văn Đức', 'Nam', '0123786599', '1985-07-25', 'Quảng Ninh', 'CH002', '2024-02-21'),
    ('CD0007', 'Nguyễn Thị Thanh', 'Nữ', NULL, '2015-11-18', 'Quảng Ninh', 'CH002', '2024-02-21'),
    ('CD0008', 'Đỗ Văn Tâm', 'Nam', '0365432198', '1999-04-01', 'Nghệ An', 'CH003', '2023-12-22'),
    ('CD0009', 'Phan Mạnh Hùng', 'Nam', '0367812345', '1999-05-12', 'Hà Tĩnh', 'CH003', '2023-12-22'),
    ('CD0010', 'Nguyễn Văn Thắng', 'Nam', '0987678987', '1999-06-23', 'Thanh Hóa', 'CH003', '2023-12-22'),
    ('CD0011', 'Trần Thị Thu', 'Nữ', '0256723437', '2002-09-15', 'Ninh Bình', 'CH004', '2024-03-23'),
    ('CD0012', 'Lê Yến Nhi', 'Nữ', '0456789123', '2002-07-25', 'Hà Nam', 'CH004', '2024-03-23'),
    ('CD0013', 'Phạm Thị Mai', 'Nữ', '0982345900', '2002-12-03', 'Nam Định', 'CH004', '2024-03-23'),
    ('CD0014', 'Hoàng Xuân Mai', 'Nữ', '0398765432', '2004-10-28', 'Thái Bình', 'CH004', '2024-03-23'),
    ('CD0015', 'Nguyễn Thị Thúy', 'Nữ', NULL, '2001-05-05', 'Hưng Yên', 'CH004', '2024-03-23'),
    ('CD0016', 'Trần Văn Tú', 'Nam', '0345654111', '1973-09-20', 'Hà Nam', 'CH005', '2024-01-24'),
    ('CD0017', 'Đỗ Thị Tuyết', 'Nữ', '0868807090', '1984-03-01', 'Ninh Bình', 'CH005', '2024-01-24'),
    ('CD0018', 'Trần Văn Đại', 'Nam', '0678912345', '2004-02-12',  'Hồ Chí Minh', 'CH005', '2024-01-24'),
    ('CD0019', 'Trần Thị Hà', 'Nữ', '0581234679', '2005-10-17',  'Hồ Chí Minh', 'CH005', '2024-01-24'),
    ('CD0020', 'Nguyễn Văn Tú', 'Nam', NULL, '2017-07-07', 'Hà Nội', 'CH006', '2024-01-25'),
    ('CD0021', 'Trần Thị Thanh', 'Nữ', NULL, '2015-04-05',  'Hà Nội', 'CH006', '2024-01-25'),
    ('CD0022', 'Lê Tâm Vy', 'Nữ', '0987678678', '1990-08-23',  'Hà Nội', 'CH006', '2024-01-25'),
    ('CD0023', 'Phạm Thị An', 'Nữ', '0987765431', '1986-11-30', 'Hải Phòng', 'CH007', '2024-01-26'),
    ('CD0024', 'Hoàng Văn Tâm', 'Nam', '0567891234', '1983-06-25', 'Huế', 'CH007', '2024-01-26'),
    ('CD0025', 'Nguyễn Thị Lan', 'Nữ', 'NULL', '2018-05-10', 'Huế', 'CH007', '2024-01-26'),
    ('CD0026', 'Trần Văn Anh', 'Nam', '0321456789', '1992-10-20', 'Vĩnh Phúc', 'CH008', '2023-12-27'),
    ('CD0027', 'Đỗ Văn Hà', 'Nam', NULL, '1995-12-03', 'Nghệ An', 'CH008', '2023-01-27'),
    ('CD0028', 'Phan Văn Đức', 'Nam', '0765432198', '1999-06-15', 'Hà Tĩnh', 'CH009', '2023-12-28'),
    ('CD0029', 'Lê Thị Mai', 'Nữ', '0678812345', '1997-07-23', 'Thanh Hóa', 'CH009', '2023-12-28'),
    ('CD0030', 'Nguyễn Văn Tú', 'Nam', '0854678987', '1994-08-30', 'Nam Định', 'CH010', '2023-11-29'),
	('CD0031', 'Trịnh Tú Nhi', 'Nữ', '0271458888', '1999-08-10', 'Long An', 'CH010', '2024-05-02'),
	('CD0032', 'Trần Ánh My', 'Nữ', '0936278378', '1999-05-12', 'Hà Nội', 'CH001', '2024-05-10');    
 
 -- Cập nhật chủ hộ
UPDATE CanHo
SET ChuHo = 'CD0001'
WHERE MaCH = 'CH001';

UPDATE CanHo
SET ChuHo = 'CD0005'
WHERE MaCH = 'CH002';

UPDATE CanHo
SET ChuHo = 'CD0008'
WHERE MaCH = 'CH003';

UPDATE CanHo
SET ChuHo = 'CD0011'
WHERE MaCH = 'CH004';

UPDATE CanHo
SET ChuHo = 'CD0016'
WHERE MaCH = 'CH005';

UPDATE CanHo
SET ChuHo = 'CD0022'
WHERE MaCH = 'CH006';

UPDATE CanHo
SET ChuHo = 'CD0023'
WHERE MaCH = 'CH007';

UPDATE CanHo
SET ChuHo = 'CD0026'
WHERE MaCH = 'CH008';

UPDATE CanHo
SET ChuHo = 'CD0028'
WHERE MaCH = 'CH009';

UPDATE CanHo
SET ChuHo = 'CD0030'
WHERE MaCH = 'CH010';
 
-- Dữ liệu cho bảng HoaDon
INSERT INTO HoaDon (MaHD, TenHD, NgHD, PhiPS, TinhTrang, GhiChu, MaDV, MaCH) VALUES
    ('HD001', 'Hóa đơn điện nước', '2024-04-01 00:00:00', 600000, 1, NULL, 'DV06', 'CH001'),
    ('HD002', 'Hóa đơn dịch vụ vệ sinh', '2024-02-15 00:00:00', 0, 2, NULL, 'DV01', 'CH002'),
    ('HD003', 'Hóa đơn bảo dưỡng', '2024-03-20 00:00:00', 100000, 2, 'Thay 2 bóng đèn', 'DV03', 'CH003'),
    ('HD004', 'Hóa đơn gửi xe', '2024-03-26 00:00:00', 50000, 1, '2 xe máy' , 'DV04', 'CH004'),
    ('HD005', 'Hóa đơn an ninh', '2024-03-29 00:00:00', 0, 2, NULL,'DV05', 'CH005'),
    ('HD006', 'Hóa đơn dịch vụ Internet', '2024-02-28 00:00:00', 50000, 2, NULL, 'DV06', 'CH006'),
    ('HD007', 'Hóa đơn điện nước', '2024-04-01 00:00:00', 650000, 1, NULL, 'DV01', 'CH007'),
    ('HD008', 'Hóa đơn dịch vụ vệ sinh', '2024-01-21 00:00:00', 0, 2, NULL, 'DV01', 'CH008'),
    ('HD009', 'Hóa đơn bảo dưỡng', '2024-03-13 00:00:00', 0, 1, NULL, 'DV02', 'CH009'),
    ('HD010', 'Hóa đơn gửi xe', '2024-01-30 00:00:00', 100000, 2, '1 xe máy, 1 ô tô', 'DV04', 'CH010'),
    ('HD011', 'Hóa đơn vệ sinh', '2024-02-15 00:00:00', 0, 2, NULL, 'DV01', 'CH005'),
    ('HD012', 'Hóa đơn dịch vụ điện nước', '2024-04-01 00:00:00', 240000, 1, NULL, 'DV06', 'CH002'),
    ('HD013', 'Hóa đơn bảo dưỡng', '2024-02-20 00:00:00',  150000, 2, 'Sửa máy lạnh', 'DV03', 'CH010'),
    ('HD014', 'Hóa đơn an ninh', '2024-03-30 00:00:00', 0, 1, NULL, 'DV05', 'CH004'),
    ('HD015', 'Hóa đơn điện nước', '2024-04-30 00:00:00', 1350000, 1, NULL, 'DV06', 'CH008'),
    ('HD016', 'Phí quản lý', '2023-12-25 00:00:00', 0, 2, NULL, 'DV07', 'CH001'),
    ('HD017', 'Hóa đơn bảo dưỡng', '2024-01-10 00:00:00', 150000, 1,'Thay dây điện', 'DV03', 'CH002'),
    ('HD018', 'Hóa đơn gửi xe', '2024-02-05 00:00:00', 100000, 2, '1 ô tô', 'DV04', 'CH003'),
    ('HD019', 'Hóa đơn an ninh', '2024-03-15 00:00:00', 0, 1, NULL, 'DV05', 'CH004'),
    ('HD020', 'Hóa đơn dịch vụ Internet', '2024-04-20 00:00:00', 50000, 1, NULL, 'DV06', 'CH005'),
    ('HD021', 'Phí quản lý', '2024-04-25 00:00:00', 0, 2, NULL, 'DV07', 'CH006'),
    ('HD022', 'Hóa đơn bảo dưỡng', '2024-03-10 00:00:00', 200000, 1, 'Thay ổ cắm', 'DV03', 'CH007'),
    ('HD023', 'Hóa đơn gửi xe', '2024-05-05 00:00:00', 150000, 2, '2 xe máy', 'DV04', 'CH008'),
    ('HD024', 'Hóa đơn an ninh', '2024-05-15 00:00:00', 0, 1, NULL, 'DV05', 'CH009'),
    ('HD025', 'Hóa đơn điện nước', '2024-03-20 00:00:00', 1200000, 1, NULL, 'DV06', 'CH010'),
    ('HD026', 'Hóa đơn dịch vụ vệ sinh', '2024-04-25 00:00:00', 800000, 2, NULL, 'DV01', 'CH003'),
    ('HD027', 'Hóa đơn bảo dưỡng', '2024-03-10 00:00:00', 250000, 1, 'Thay bóng đèn', 'DV03', 'CH010'),
    ('HD028', 'Hóa đơn gửi xe', '2024-01-05 00:00:00', 200000, 2, '3 xe máy', 'DV04', 'CH005'),
    ('HD029', 'Hóa đơn an ninh', '2024-01-15 00:00:00', 0, 1, NULL, 'DV05', 'CH001'),
    ('HD030', 'Hóa đơn điện nước', '2024-02-20 00:00:00', 900000, 1, NULL, 'DV06', 'CH002'),
    ('HD031', 'Phí quản lý', '2024-03-25 00:00:00', 0, 2, NULL, 'DV07', 'CH010'),
    ('HD032', 'Hóa đơn bảo dưỡng', '2024-04-10 00:00:00', 300000, 1, 'Sửa ổ cắm', 'DV03', 'CH008'),
    ('HD033', 'Hóa đơn gửi xe', '2024-05-05 00:00:00', 250000, 2, '4 xe máy', 'DV04', 'CH010'),
    ('HD034', 'Phí quản lý', '2024-02-15 00:00:00', 0, 1, NULL, 'DV07', 'CH009'),
    ('HD035', 'Hóa đơn điện nước', '2024-01-20 00:00:00', 1000000, 1, NULL, 'DV06', 'CH007');
 
-- Dữ liệu cho bảng PhuTrach
INSERT INTO PhuTrach (MaHD, MaNV) VALUES
    ('HD001', 'NV0011'),
    ('HD002', 'NV0002'),
    ('HD003', 'NV0003'),
    ('HD003', 'NV0007'),
    ('HD004', 'NV0005'),
    ('HD005', 'NV0012'),
    ('HD006', 'NV0006'),
    ('HD007', 'NV0027'),
    ('HD008', 'NV0010'),
    ('HD009', 'NV0028'),
    ('HD010', 'NV0032'),
    ('HD011', 'NV0029'),
    ('HD012', 'NV0026'),
    ('HD013', 'NV0020'),
    ('HD013', 'NV0003'),
    ('HD014', 'NV0016'),
    ('HD015', 'NV0023'),
    ('HD016', 'NV0018'),
    ('HD017', 'NV0020'),
    ('HD018', 'NV0016'),
    ('HD019', 'NV0001'),
    ('HD020', 'NV0004'),
    ('HD021', 'NV0018'),
    ('HD022', 'NV0007'),
    ('HD023', 'NV0032'),
    ('HD024', 'NV0005'),
    ('HD025', 'NV0023'),
    ('HD026', 'NV0010'),
    ('HD027', 'NV0028'),
    ('HD028', 'NV0032'),
    ('HD029', 'NV0022'),
    ('HD030', 'NV0023'),
    ('HD031', 'NV0006'),
    ('HD032', 'NV0003'),
    ('HD033', 'NV0022'),
    ('HD034', 'NV0011'),
    ('HD035', 'NV0018');
    
-- Dữ liệu cho bảng ThietBi
INSERT INTO ThietBi (MaTBi, TenTBi, SL) VALUES
    ('TBi001', 'Thang máy', 20),
    ('TBi002', 'Thiết bị phòng cháy chữa cháy', 36),
    ('TBi003', 'Đèn chiếu sáng', 100),
    ('TBi004', 'Camera an ninh', 40);
    
INSERT INTO BoTri (MaTBi, MaTang, SL) VALUES
    ('TBi001', 'A01', 5),
    ('TBi002', 'A02', 6),
    ('TBi003', 'A03', 20),
    ('TBi004', 'A01', 8),
    ('TBi001', 'B01', 5),
    ('TBi002', 'B01', 8),
    ('TBi003', 'B02', 30),
    ('TBi004', 'B03', 10),
    ('TBi001', 'C01', 5),
    ('TBi001', 'C02', 5),
    ('TBi002', 'C02', 10),
    ('TBi003', 'C05', 25),
    ('TBi004', 'C06', 12);

INSERT INTO ThongBao (MaTB, LoaiTB, TieuDe, NoiDung, NgTB) VALUES
    ('TB001', 'Sự kiện', 'Hội nghị chung cư', 'Kính mời các cư dân tham gia hội nghị chung cư vào ngày 20/06/2024.', '2024-06-10 08:30:00'),
    ('TB002', 'Quản lý dự án', 'Thông báo tiến độ', 'Cập nhật tiến độ dự án xây dựng hệ thống cấp nước.', '2024-06-12 11:45:00'),
    ('TB003', 'An ninh và an toàn', 'Cảnh báo tội phạm', 'Cảnh báo về việc tăng cường an ninh do có tình trạng trộm cắp diễn ra gần đây.', '2024-06-14 14:20:00'),
    ('TB004', 'Kỹ thuật', 'Bảo trì hệ thống điện', 'Thông báo về việc bảo trì hệ thống điện vào ngày mai.', '2024-06-16 16:10:00'),
    ('TB005', 'Cộng đồng', 'Cuộc họp cư dân', 'Nhắc nhở về cuộc họp cư dân vào ngày 25/06/2024.', '2024-06-18 09:00:00'),
    ('TB006', 'Tài chính', 'Thông báo về hóa đơn', 'Nhắc nhở các cư dân về việc thanh toán hóa đơn trước ngày 30/06/2024.', '2024-06-20 10:30:00'),
    ('TB007', 'Khẩn cấp', 'Cúp nước', 'Thông báo về việc cúp nước tạm thời do công việc bảo trì hệ thống nước.', '2024-06-22 14:15:00'),
    ('TB008', 'Tiện ích và dịch vụ', 'Lịch trình thu gom rác', 'Nhắc nhở về lịch trình thu gom rác hàng tuần.', '2024-06-24 11:20:00'),
    ('TB009', 'Chính sách và quy định', 'Thay đổi chính sách gửi xe', 'Thông báo về thay đổi mới trong chính sách gửi xe.', '2024-06-26 09:45:00');

INSERT INTO TB_CD (MaTB, MaCD) VALUES
    ('TB001', 'CD0001'),
    ('TB002', 'CD0002'),
    ('TB003', 'CD0003'),
    ('TB004', 'CD0004'),
    ('TB005', 'CD0005'),
    ('TB006', 'CD0006'),
    ('TB007', 'CD0007'),
    ('TB008', 'CD0008'),
    ('TB009', 'CD0009');

INSERT INTO PhanAnh (MaPA, LoaiPA, TieuDe, NoiDung, NgPA, TinhTrang, MaCD) VALUES
    ('PA001', 'An ninh trật tự', 'Người lạ mặt', 'Sân tòa B có thanh niên ăn mặt khác lạ và có biểu hiện bất thường', '2024-02-10 08:30:00', 1, 'CD0001'),
    ('PA002', 'Xe cộ', 'Sắp xếp xe tại bãi giữ', 'Xe cộ tại bãi giữ xe sắp xếp không hợp lý, gây cản trở', '2024-02-11 11:45:00', 2, 'CD0001'),
    ('PA003', 'An ninh trật tự', 'Cần kiểm tra an ninh', 'Cần kiểm tra lại hệ thống camera.', '2024-02-12 14:20:00', 1, 'CD0001'),
    ('PA004', 'Bảo trì', 'Hỏng cửa thang máy', 'Cửa thang máy tầng 3 bị hỏng.', '2024-04-12 16:10:00', 1, 'CD0001'),
    ('PA005', 'Khác', 'Thái độ nhân viên', 'Bảo vệ tòa A ca sáng có thái độ khó chịu với cư dân', '2024-03-13 09:00:00', 2, 'CD0006'),
    ('PA006', 'Vệ sinh', 'Cần dọn dẹp khuôn viên', 'Khuôn viên trước toà nhà cần được dọn dẹp.', '2024-04-14 10:30:00', 1, 'CD0030'),
    ('PA007', 'Xe cộ', 'Xe máy gây cản trở', 'Xe máy gây cản trở cho lối đi.', '2024-05-15 14:15:00', 2, 'CD0009'),
    ('PA008', 'Bảo trì', 'Hệ thống chiếu sáng yếu', 'Đèn hành lang tại tầng A02 chiếu sáng yếu', '2024-01-16 11:20:00', 1, 'CD0010'),
    ('PA009', 'Vệ sinh', 'Bãi rác đầy', 'Bãi rác đầy không có người đến thu gom', '2024-01-17 09:45:00', 1, 'CD0005'),
    ('PA010', 'Quản lý', 'Giao dịch hóa đơn', 'Gặp vấn đề với việc giao dịch hóa đơn.', '2024-05-18 13:00:00', 1, 'CD0027'),
	('PA011', 'An ninh trật tự', 'Tiếng ồn lạ', 'Có tiếng ồn lạ phát ra từ tầng 2 của tòa A.', '2024-02-09 09:30:00', 1, 'CD0030'),
    ('PA012', 'Xe cộ', 'Xe hơi đậu trái phép', 'Xe hơi đậu trái phép ở vị trí cấm đỗ, gây cản trở giao thông.', '2024-04-20 10:15:00', 2, 'CD0029'),
    ('PA013', 'Vệ sinh', 'Khu vực nhà rác bẩn', 'Rác từ thùng bị tràn ra ngoài', '2024-05-21 11:20:00', 1, 'CD0009'),
    ('PA014', 'Bảo trì', 'Thiết bị phòng cháy chữa cháy hỏng', 'Một số thiết bị PCCC không hoạt động, cần kiểm tra và sửa chữa.', '2024-05-22 13:45:00', 1, 'CD0015'),
    ('PA015', 'Khác', 'Mất điện toàn khu vực', 'Khu vực A đang mất điện, cần kiểm tra và khắc phục ngay.', '2024-03-23 14:30:00', 1, 'CD0017'),
    ('PA016', 'An ninh trật tự', 'Người lạ nghi ngờ', 'Một người lạ nghi ngờ đang lòi đầu ra khỏi cửa sổ tầng 5.', '2024-04-24 15:10:00', 1, 'CD0022'),
    ('PA017', 'Khác', 'Nhân viên giải quyết vấn đề chưa triệt để', 'Tôi có giải quyết một số vấn đề khúc mắc với nhân viên A, nhưng chưa được giải quyết một các triệt để.', '2024-05-25 16:20:00', 1, 'CD0011'),
    ('PA018', 'Vệ sinh', 'Mùi hôi từ bể phốt', 'Mùi hôi từ bể phốt lan ra xung quanh, cần khắc phục.', '2024-05-06 17:00:00', 1, 'CD0002'),
    ('PA019', 'Quản lý', 'Tiền điện nước tăng', 'Tháng này hóa đơn điện nước hộ chúng tôi tăng gấp đôi trong khi lưu lượng sử dụng vẫn vậy. Cần được làm rõ', '2024-01-27 18:15:00', 1, 'CD0004'),
    ('PA020', 'An ninh trật tự', 'Kẻ gian đột nhập', 'Phát hiện kẻ gian đang cố đột nhập vào khu vực hầm để xe.', '2024-03-28 19:30:00', 2, 'CD0009');
